quit smoking jounals,N
poly twill black fabric photo purse,T
free checking,T
the cure's current line-up,I
thin bedspreads,T
wedding gowns,N
websters dictionary,I
bed bath & beyond.,T
swiffer duster,T
ss der reich,N
findlay internet,I
colonoscopy drugs,I
the best is yet to com,N
trip advisor courtyard key west waterfront,T
sharper image automatic soap dispenser,T
map of forsyth county nc,I
www.ebaymotors.com,T
derek humphry,I
elections - beach haven nj,I
kiryas joel,I
will smith bio,N
nfl combine results,I
how to read guitar tabs,I
john donne puns for death,I
induction cooktops,T
if a father signs over his rights,T
www.boxoffice.com,N
wgbfc.org,N
tim mcgraw youth t-shirts,N
diy metal roofing,T
list of oscar award winning movies,T
cranky the crane,T
branson mo weather forcast,I
howto.com,I
aids education for children,I
.www.myspace.com,N
starperson elemental,T
webmd.com,I
description hindu music,I
little house the new beginning,T
cato's womens apparel,T
salmon patties,I
the gospels of john,I
milwaukee 5359-21,T
teri weigel,N
www.minstand,I
the elder scrolls 4 oblivion walkthrough,N
lonestar obgyn san antonio texas,I
sexy tom cruise pics,N
garmin gps for runners,T
msnbc,I
bell south wireless network,I
wbc blood tests,I
chris penn,N
rice krispies,I
best quality vitamins,I
ambg gatlinburg tn,T
president won the nobel peace prize,I
juicy couture messenger baby bag,T
fred blassie,I
shooting torpedo games free,I
drawing of the sun,N
www my space.com.,N
p. multocida,I
us currency bills,I
diamond horseshoe necklace,T
spooks,N
gay tortola,T
party rentals in jacksonville florida,N
china's insularity,I
yahoo..com,N
reef bottle opener,T
now latino,T
silent hill 4,T
www.bankofhamptonroads,I
military purple heart records,I
henri matisse biography,I
24 amazon,T
www.vampiretemple.com,N
lost information,I
texas bell tower shootings,T
www.pier1kids.com,T
eye lift without the surgery,T
the crucible copy of the acts,N
gift card,T
genuine nazi hat for sale,I
placenta previa,I
microsoft office outlook,T
bed and bath,T
everydayfood,N
easton middle school,I
biomechanics of fastpitch softball,T
smallville music,T
ocho rios hotels,T
hypothyroidism and secondary high blood pressure,I
point pleasant map,I
trumpet vine,I
michael w smith,N
mvdvd4,I
residence inn in jacksonville,T
century 160 mig welder,T
what is social factors in aging,I
cast of movie scooby doo,N
60's music,T
tau man ji d dvd,T
mini cheesecakes,I
history of microsoft corporation,I
what is nasal dysfunction,I
the original big wheel,T
the harvey girls,N
chandra levy,I
natalie portman,N
lasalle university,I
superman stamp,T
http www.my space.com,N
shaler area schools,I
msnbc scarborough country,I
fruit and vines rooster rug 8' by 11' brick,T
the julie andrews collection,T
disneycharacters.com,I
toys r us.com,T
ruidoso new mexico,I
cigar display,T
pryor ok weather,I
www.map.yahoo.com,I
fecundity,I
map of jonesboro georgia,T
sodomy,I
east coast usa virginia glitz grand supreme,T
urban legends tennessee,T
cuisine du monde,I
nj state lottery,I
love calculator,N
st. knud,I
david w. carter high school dallas texas,I
grand theft auto san andreas cheats,N
san quintin penitentiary,N
michele watches,T
deus ex machina,I
postal service,I
indoor outdoor grill,T
lyrics sean paul - temperature,N
2007 dodge calibur,N
peanutbutter eggs,I
phone book,I
www.white pages,I
nelson lawn sprinklers,T
sex,N
movie the killing fields,T
petite stretch jeans,T
ginnifer goodwin,N
california desert mysteries,I
california king bedspreads,T
scarlett o'hara,T
not another teen movie,N
www.tenuate.net,I
barefoot contessa cookbooks,T
eastern amateur arabian association,I
kate hudson 2003 academy awards,N
forecast for kokomo indiana,I
lake marion golf resort kissimmee fl,T
parkwest appraisals,I
chicken little dress,T
edward rochester house,N
insulin test levels,I
breathing observation bubble,I
ramada inn southgate michigan',T
e mc2,N
reggae gold 2005,T
aspen dog supplies,T
suprasellar cistern aneurysm complications,I
pictures of algonquian people,T
miniature pinscher reviews,T
hotel de la ville,T
the 1940s old south bronx,I
st charles mo middle school demographics,I
haunted light house in florida taps,N
sheila dewindt,N
implications of crude oil price essays,I
movies set in the middle east,T
what does ap mean before welsh names,N
gwinnett county school district georgia,I
mar-a-lago,T
free song lyrick,N
consequences of stealing identity,I
cheat codes for mortal combat deception for xbox,N
scrapbook accents,T
ashley cooper's window treatments,T
midnight in the garden of good and evil,N
hd lcd tv with dual tuner pip,T
talo guns,I
hints for mortal combat deception for xbox,N
vinyl table linens,T
urethera,T
www.tickemaster.com,T
tupperware home parties,N
snl,N
black baby crib,T
xmen 3,N
pirates,N
coby dvd r1200,T
goonies,N
polish verbs,T
www.peachesboutique.com,I
wachovia.com,T
pecan furniture,T
alice 4 in 1 convertible crib,T
townhouses in durham nc for sale,T
ladesoto archives,N
northwestern schools ohio,I
tomorrow's weather,I
welch's buy,T
ronnie simpson,I
ascap,I
understanding bioethics case studies,I
online denton tx newspapers,N
free videos of people having orgies,I
2nd world war daggers,I
commas,N
cucumber heel therapy,T
a baby story,N
metanx,I
essure contraceptive,I
medication dictionary,I
neofunctionalism,I
sharp fax machines,I
ups.com,I
hillsborough county schools,I
sandra oh korean actress,N
rates of fermentation sucrose,I
stephanie helmsly video,T
http;,N
vera miles,N
traffic the band,I
outdoor ceiling lights by world,T
thyroid,I
asian party favors,N
berlin wall,I
when is the next grand theft auto game coming out,N
cheats for pc game bloodrayne 2,N
european american culture and health care,I
hera translated into greek,I
free nursing research article,I
rockymountainhorses,N
bosu,T
what does jadore mean,N
darby crash germs,I
zanaflex,I
shall be no more,T
bedbath&beyond,T
lowe s home stores,T
pot roast,I
a cross pattee,I
free-indeed hot air balloon rides,N
gladiator,N
army mos,I
how many states are in the united states of america,I
red wasps,I
korn,N
military italian charm,T
yorktown va,I
paul mitchell signature gathering 2006,N
gateway mx7120,T
extreme home make over,N
brandon routh,N
weather in france,I
movie looking for mr goodbar,N
bubby definition,I
tire choice west palm beach,I
tattoo work,N
auto wood grain dash board mfg.,T
paul newman w.u.s.a.,N
ring sizer,T
auburn pa,I
orlando bloom,N
jennifer song im real,T
kelly clarkson music videos,N
strippers,I
lee iaccoca chrysler,I
my space,I
yakowenko,I
gracie inn ny ny,T
my space .com,N
blue linx air park dr. memphis tn.,I
wv scrap metal buyers,I
resident evil 3,N
sovereignty,I
craigs list.com,T
louis l'amour,N
e mc2,N
add to purchase commercial building,T
speedy lube wichita ks,N
ken law,N
wells fargo financial,T
kelleybluebook com,T
monokini swimsuit,I
raven riley,N
animal oster clippers,I
ruby red dangling cherry belly ring,T
street racing girls,T
define biceps,I
floyd co ky- jeremiah coburn-joseph coburn,N
sasha alexander,I
dirk nowitzki,I
aquamarine,N
diamonds by the yard,T
a story about the tin man,I
zathura,N
signs and symptoms of yeast infection,I
kingdom hearts hints,N
pensacola high school pensacola florida,I
street maps,N
why are bacteria good organisms for transformation,I
atrium feng shui,N
times to remember lyrics,I
army field jacket for sale,T
electric range,T
let's do lunch,T
cnn.com loudobbs,I
what a beautiful life book,T
the goldsteins' wellness and longevity program,T
rubberband man,I
physical and chemical properties of butyric acid,I
reviews on mazda cx-7,I
peach sheer window curtains,T
who was the first celebrity guest on tv's sesame street,I
homes in glenolden pa for sale,T
street names,I
kawasaki disease physicians florida,I
www.abc.com,N
s i joint,I
presidential inauguration date,I
weather in jamaica,I
one life to live,N
reef fanning,T
houses for sale moody alabama,T
pencil drawings of jesus,N
soreness in arms & feet,I
hotels in orlando fl,I
life of mohammad,N
harry bennett pic time life ford rouge,I
beard trimmer reviews,I
mermaid transformation,T
web health md,I
tesla,I
qvc shopping.com,T
there and back,N
lyrics to get low,I
shape shifting,I
respiratory system diseases and disorders,I
female sportswriters,I
phil lewis,N
nj-1040nr instructions,I
fruitcake lady,N
www.bofa.com,T
warren honeywood,N
love me love me say that you love me lyrics,I
history of microsoft,I
frozen specialties inc.,I
rihanna talk,I
pelvic ct scan,I
signs that girl likes a boy,I
snob,I
sexual abuse on 11 year old girl,I
jiminy glick,T
mosaic flower pots,T
kelleys blue book,T
kids kick boxing bag,T
msn.hotmail.com,N
cliff notes,I
labyrinthitis and hyperthyroidism,I
eric olson,N
dubs wheels,I
medication of digoxin,I
10 day forecast for new jersey,I
wholesale for gold teeth,T
fup,T
50's pictures,N
toolwarehouse,T
sony dvp-ns3100es,I
fall out boy xanga layout,N
misogyny,I
feminine 20hygiene,T
just one of the guys,I
sevierville tn,T
vladimir putin,I
weather of the bavarian alps,N
myspace.com,N
scallope potatoes,I
wvcabell,N
the greatest game ever played,N
she spies kristen miller pictures,N
msnbc.com,I
www.wikipedia.com,I
harry smith cbs anchor,I
whirlpool gold ultimate care,T
wedding crashers,N
prom shops in weslaco texas,N
municipal in n.j,I
devon webcams uk,N
tuna and noodle casserole recipes,I
zip codes,I
kidney failure,I
philadelphia horticultural club philadelphia pennsylvania,T
high protein foods,I
little river sc weather underground,I
bags of style,T
www yahoomail.com,N
pocahontas,I
crybaby lyrics mariah carey,N
chattanooga restaurant and supply,I
ps2 kingdom hearts 2 cheat codes,N
singer georgia,N
send flowers to paris,N
sexual abuse behavior,I
liger,I
aol microsoft outlook set up,N
gamespot.com,N
prop 13,I
growth factor supplements for ligaments,T
peoples republic of china,I
catholic hospitals near memphis tn.,I
america ferrera,N
kate bush animal rights,T
definition of varna,I
young children dealing with death,N
new jersey state,I
cortisol,I
reviews of elysees regencia in paris,T
www.amazondesigns.com,T
i'm nobody who are you summary,N
how do you put marshmallows on brownies,I
fat cat diet,T
www.bet.com,I
ways to kill yourself,N
http yahoo.com sports,N
ali mcgraw love story,T
www.tennis-warehouse.com,N
folica nj,T
bed bath and beyond.,T
www.smithbarney.com,N
what is scientific knowledge,I
information on the movie the piano,N
rostisserie chicken commercial oven,T
hookah,I
ivory bracelets,T
weatherman halloween costume,N
al benson jr. and government schools,N
inked,N
whosarat.com,I
dayton house myrtle beach sc reviews,T
compare all police motorcycles,T
western illinois university products,T
the frog prince,T
brandy,N
african american lawyers orlando,I
pendulous,I
zacky vengeance desktop wallpapers,N
designer trends lamps,T
wild orchid pen,T
cinderella solstice roadster ride-on,T
photos of fresno california,N
jason gould,I
organic chemistry for dummies,T
the dred scott case by don e. fehrenbacher,T
seashell shower curtain,T
things to do in paris,I
vertebral subluxations on x-rays,I
house for sale.com,T
steve martin,N
qvc jewlery,T
giant cell arteritis in people younger than 50,I
sex and the sixty ladies,T
seat covers for 2006 toyota camry,T
whole baked chicken with vegetables,I
tropical winds,T
poetry to the man i love,N
hampton inn princeton west virginia,T
actionreplay codes for gba,T
12 by 11 by 6 inch tote luggage,T
outdoor patio furniture,T
www.my space.com,N
semtex,N
i love sex.com,T
cheats for pc ps2 game mortal kombat deadly alliance,N
the outsiders,T
michael hawkins gainsborough,N
www.tickemaster.com,T
2005 hurricane season,I
extreme makeover,N
hershey's cocoa,I
hydrochloride,I
top female 70's artist,T
vintage stock car photos,N
geriatric cerebral palsy,I
foot steps of a mother,N
meat pie goya,I
inphonics.com,T
information for tucks,I
life with derek,N
things to do in bermuda,T
cheyenne's bad day lyrics,N
ab chair questions,I
deer feeders,T
chris bradley meteorologist,I
reclining sectional sofa,T
monsters inc.,N
treeing fiest,T
british government bond,I
hinduism and the environment,N
bedroom sets,T
echo 346 chainsaw parts,T
progressive rock,I
alexandria virgina,T
text twist,N
picture of contact dermatitis in children,I
neofunctionalism,I
steubenville ohio motels,T
labled pictures of the united states,T
high school musical 2,I
drillers,N
three 6 mafia lyrics,N
outdoor train clocks,T
prothonotary meaning,I
nazareth pa,I
deposit on a veyron,N
lyrics for you do the things you do,N
miscegenation,I
power rangers rolling backpack,T
atlas,N
pictures of immagration,N
steve harvey's wife and children,I
independent vacation rentals anaheim ca,T
hamburgers,I
antique shelves,T
small home landscaping,I
cookie monster,I
weather in london,I
egyptian art,N
chmd,I
cycling carbon brakes,T
under cabinet cd players- black,T
fleur de lis fabric,T
marriot suites orlando,T
accent marks,I
magic chef ice makers,T
jute sandals,T
the matrix path of neo cheat codes,N
hotels venice island fl.,T
traveling wilburys,I
medical drugs interaction,I
www.shopping.com,T
rainbow pride,I
www.yahoo.com mail,N
myspa,N
blue chair pads,T
the drugs dont work by howie day lyrics,N
reading royals,I
german translator,I
lucio dalla,T
hymn here am i send me,N
clairaudience,I
live cover breeding,T
entertaining,I
countries official languages,I
sweet sixteens,N
ehow,I
collectible vinyl albums price guide,T
buddy bear checkers,T
st augustine florida news,N
sterling va,T
men,N
body painting gallerys,N
nandito ako lyrics,I
darfur,I
woodstock georgia funeral home,I
weather maps,I
lawrenceville school football,I
captain january with shirley temple,T
mortgage rates,I
the shield,N
target store baby registry,T
primitive rooster figurine,T
cheetahgirlbooks.com,T
www.wachovia com,T
lake geneva illinois,T
memphis street finder,T
klonopin,I
bed bath & beyond.,T
mapqust.com,N
how did the death of arthur ashe effect the black history,I
johnny gill,T
darby crash germs,N
springfield illinois hotels,I
consumer digest,I
blue creek school,I
www.kissonline.com,N
beverly hills 90210,N
destructive patterns,T
nbc news.com,I
google..com,N
carl lewis,I
allendale nj school district,I
pigeon repellant,N
new jersey lottery,I
honda atv,I
nbc,I
rogers healy,N
greys anatomy,N
general lee,T
patterns of spelling in young deaf and hard of hearing students,I
sweet 16 invitations for tea party,N
kevin couvais,N
fred rogers,I
jasper fl,N
cutting boards,T
yahoo e mail,N
renegade,N
why is aerobic dance good for you,T
qvc frazer,T
ill back you up lyrics,N
where were you lyrics journey,N
www.goldtoken.com,N
ameican idol,N
photos of marlon wayans and girlfriend angelica zackary,N
maps sir francis drake trade routes,I
ulcer,I
newsweek,I
ku klux klan in the 1920's,I
male ice dancers rules,I
harry potter and the goblet of fire,N
just friends the movie,N
elk lake lodge,T
beachfront hotels in st petersburg,T
t.m moore,T
black ps2,N
high white blood cell count,N
austin tx suite motel,I
stay at home parents,N
sandi henry swimwear,T
www.quickest-payday-loan.com,T
warren d. douglas,N
more info on arthur ashe,I
grease,N
gilberto santa rosa victor manuelle in concert,T
duodenal ulcer,I
remax realtor hampton va.,N
is acetic acid soluble in water,I
interpretations of lord's supper,I
white zircon ring,T
www.sublimebikinis.com,T
skull island,I
www.see no evil.com,N
hirsute,N
best western lakeside,T
moesha,N
bass tracker boats,I
the biography of carrie fisher,N
b96 ipod,N
lose 15 pounds quickly,I
12 24 and 36 bar or parallel clamps,T
yahoo.com,N
polymyalgia,I
best western astoria hotel geneva,T
runescape army event,I
quincy jones,N
niagra falls hotel packages,T
destiny child,I
sponge bob square pants the series,N
porn elderly women having sex,I
kim mathers,N
walking tall,N
a e q u i t a s,I
how to use computer aided design,I
bon vivant,I
inflatable pool water slide,T
the movie hook soundtrack lyrics,N
anatomy atlas,T
t.e. lawrence,I
hawthorne cedar knolls school,I
wonder girl transformation,I
www.fidelity.com,T
palmtree bedding,T
high school musical dvd,T
window art drapery panel set bamboo beach,T
the lyrics to the song i remember when,I
google driving directions,N
tags,N
sandals kids,T
polar bears,N
vinnie paul abbott,I
walmart floral shop,I
wentworth miller,I
self watering planters,T
bed bath &beyond,T
tsx v yzc,I
that 70s show cast,N
gardenia,I
pimps in the pulpit,T
cessna bird dog,N
baby guess clothes,T
camper rentals at myrtle beach,T
coreg,I
moth the band,N
craig'slist.com,T
white city oregon,I
busch garden,I
employment agencies in white plains ny,I
risas de america-television peruana,I
betty crocker,T
fraggle rock videos,N
river phoenix,N
frequent asexuality,I
neworleanshalls.com,N
six feet under trading card,T
best pool hotel in florida,T
it takes a thief 2005 tv show - it takes a thief 2005 television show - tv.com,N
what is the book everything is illuminated,T
sex telephone,I
security guard companies in tulsa,N
white pages bowling green ohio,I
piegon forge tn cabin rentals,T
sleep apnea,I
allegra,I
sodomy,I
a scanner darkly,N
nj wic,I
johnny lee miller pics,N
bone scan,I
the ashram calabasas ca,T
falling stars,T
yahoo game,N
protein in urine,I
who are you song,I
meriden ct map,N
myspace.om,N
reference guide for essential oils by connie and alan higley,T
death penalty in america current controversies h. bedau,T
record shark,I
chicken marinade recipe,I
gee bee super sportster r-1 aircraft replicas,T
cherry hill arena cherry hill nj,I
invicta ladies activa watch,T
the book of calculations,I
harrison city pa,T
starvinwithlouis,N
patrick kennedy,I
erie pa hotels,T
mia pow,N
max's opera cafe,I
thymoma,I
hotels,T
biography on kim rhodes,N
argentine inflation,I
scioto river,I
r-e-s-p-e-c-t lyrics,I
childrens bible pictures moses,T
pbs ciao,N
john singleton,N
macys bridal gowns,I
creating mosaic designs,T
midway gmc.com,I
onimusha 4 cheats,N
catholic archdiocese of new york,I
hawaii mission academy,I
winchester house hotel london trip advisor,T
up & cummers 98,T
europe maps road,N
jbl speaker system,T
what does the capital dome weigh,T
lottso,I
filmography of joe louis,N
line vautrin,T
make me a star,N
as good as it gets,I
links ls 2000 pebble beach course,T
lots for sale clermont florida,T
herpes simplex virus,I
full metal jacket quotes,N
map of kentucky,I
singing in the rain,N
food that help the nervous system,I
grab bars removable,T
variable inputs,I
blacksnake.com,T
geography and population statistics,N
viranol,I
speech therapy residential schools articles,I
craigs list .org,T
claude achille debussy,I
impex offset driver,T
yellow labrador,I
book the great easter egg hunt,T
john brown,N
american woodmark,T
wheel pictures,N
mission impossible theme music,T
my ex,T
joy behar,N
psychics,T
saved by the bell,N
canton mi hotels,T
edwin bonilla soy la candela,T
pliable mdf,I
bronco 2,N
pompano beach & florida & hurricane damage,T
sopranos,N
what is grihastha,I
nick. com,N
anorexic weight loss rate,N
19th century terms of alzheimer's disease,I
hank williams sr. and hank jr. pictures,T
383 dodge motor,I
adrienne vittadini frames,T
political development the south united states,I
pressure washer rental,I
westgate lakes resort orlando florida,T
pulled abdominal muscles,I
busta rhymes,N
bank of america military bank,T
california locations for paintballing,I
zimbalist,N
judaism,I
general lee,T
midway party rental,N
i need the model number for a kenmore 36 elite cooktop,T
fisher cemetery dekalb county tennessee,N
matt damon,N
top 100 colleges in the u.s.,I
medical diagnosis,N
us map,I
take the lead.com,N
larry harmon's bozo the clown doll vintage,T
wildwood nj,I
the snow walker,N
paramount maya angelou,T
boyd county ky,N
wound infection,I
closer sound track,N
diagnostic criteria for obsessive compulsive disorder in children,I
answer.com,I
jacob abbott,I
wild girls,N
roxanne pallett,N
cowboy clip art,N
street map of thousand oaks ca,I
pokemon saphire gameshark codes,N
hurricane katrina interviews,I
amy in the white coat lyrics,N
upshur county records index,N
www.robinthicke.com,N
ying yang twins grey goose lyrics,I
rachel summers,I
phillips lcd touch screen cd clock radio,T
the master of ballantrae,I
hips don't lie,I
map of south dakota,I
meri jaan lyrics,N
juggernaut,T
gangsta disciple,T
fort lauderdale florida,I
davinci code dvd,N
gay nude places to go,T
photo galleries,N
kitchen granite table,T
lyrics emotions,N
green pea salad,I
lyrics to get busy,I
slavery in the colonies,N
essex and sussex spring lake,T
polk rm6801,T
duchess of kent,I
time and a half,I
gaenslen elementary school in milwaukee,I
south park butters pics,N
dia del padre,N
if you want to be 110 pounds consume calories,I
employment agencies in danbury ct,I
camp david accord,I
new york mega numbers,T
sandra dee,I
target wish list,T
tattoo books,T
frogs toads,T
etta james,T
fibromyalgia and suicide,I
teri weigel,N
soundstage,N
organ donor,I
holiday inn national airport crystal city,I
bankofamerica com,T
double r private school,I
yakima surenos little valley locos,T
jean dickey biology,T
the san franciscan hotel in san francisco,T
gift idea for engagement party,T
yemeni chat room,N
kermit washington,I
www.flalottery,T
diagnosing unilateral facet dislocation,I
royal clipper,I
flea circus,N
hillary duff,N
home depot expo,T
khmer rouge,I
delta unisaws,T
powerhouse gym,I
wiggins school colorado,I
jamaica air all inclusive deals,T
keel,T
sonny's bbq coupons,I
chevy pickup doors 1970's,T
honda civic si myspace layout,N
crash movie review,N
bobby murcer,I
stop crying your heart out - oasis lyrics,I
people lookup,I
bedbathand beyond,T
blacks ocean beach,T
rouge u.k.,N
www.yahoo.c,N
12volt air conditioners,T
del rio tx,I
1993 ford pickup auto part's,T
sporting goods largo fl,I
music download,T
9 11 trailer,I
maureen stapleton,N
nj motor vehicle,I
polygenic disorder,I
zero nicotine,T
endocarditis,I
water aerobics,I
andrew liput,N
john hanson,I
november 21 sagittarius,N
animaniacs and capital song,T
the death penalty in america current controversies,T
kinston daily free press,N
bow wow lets get down,N
brother p 1900,I
forums on beating drug testing,T
list of animal phyla,I
best used cars for teens,I
converse jack purcell,T
rwanda- wikipedia,I
black & decker 18 volt battery charger,T
mail yahoo,N
leg cramps clinical research,I
christian family life articles,I
riverside ca.,I
jerry springer tickets,T
www.hotfreelayouts.com,N
laurence fishburn,N
italo montemezzi,I
new jersey vehicle inspection,I
fungal keratitis,I
plea bargaining,I
draining swimming pools,I
peter gabriel biography,I
cary jr. high district 26,I
camel toe,N
booker awards lists,T
timberland infant shoes,T
response track pant adidas women,T
kirsten storms,T
haircare.com,T
mount laurel municipal,I
exotica,N
inflatable pillows,T
nascar fan auto stickers,T
operation rolling thunder,I
how to figure out your numerology number,N
littleton. colorado phone directory,I
www.depotrebates.com,T
mens vietnam tee,T
woodbridge new jersey,I
las vegas weather,I
palace hotel new jersey,I
propylthiouracil,I
stone walkway,T
homes for sale 68005,I
geauga county ohio,N
grey fox,N
bones joints,I
the third world,I
capuchin monkeys for sale,T
a good source of iron 5,T
explicit movie sex scenes,I
hemorrhage,I
music play mat,T
chicago travel,I
cast of movie ghost in the machine,N
spencer new york,I
zymol car polish where to buy,T
catherine zeta jones,N
troy mt phone book,I
bed bath beyond,T
porfirio diaz,I
how to grow geranium,I
fifth grade reading assignments,N
claddagh ring sapphire,T
cheats for zelda four sword,N
how to make a handbag,N
biography of robert e. howard,N
the wedding date,N
lawn aerator,T
research on arthur ashe,I
reviews of prague hotels,T
electric pressure cookers,T
clavicle nonunion,I
problems with the illegal immigration in the united states,I
toward an adult church a vision of faith formation,T
french weather,I
thin blood,I
slavery,I
duffle bags,T
bedbathand beyond,T
young teen boys,I
kiss of a vampire,T
pablo escobar,I
tweeter center,T
judge mathis wife picture,T
googletalk,N
kirklands home furnishings,T
november 19 1920,I
stephanie mcmahon,I
pin striping for cars,I
dogs in heat,N
sassy single and content,T
brunt definition,I
amanda bynes,N
saddam hussein,I
maldive islands map,N
nowy dziennik polish newspapper published in new york usa,T
dictionary,I
craigslist,T
1939 newspaper,N
information on life in renaissance florence,I
steel magnolia,N
the good body ticketmaster in boston ma,T
www.bedbathand beyond,T
the suite life of zack and cody,N
y,N
tv wrist watch,T
entertainment phoenix,N
biographies,I
recipe from show which featured paula deen,N
memphis tn. white pages,I
the tradewinds island resort florida,T
tyler christopher,N
when daddy let me drive lyrics,N
clitoris,N
ocean breeze inn pismo beach,T
eve lyrics,N
party games for teens,N
scary movie,N
bearshare,I
nj kid care,I
hotels in smyrna delaware,T
gospel of judas,I
house of blues orlando fl,T
blue flame evo 3 exhaust gsxr,N
aeropostale,I
lil romeo,T
reading group join,N
rocketman,T
www.florida lottery.com,T
all inclusive vacations in punta can,T
towns of oregon,T
hilton inn knoxville,T
www.craiglist.org,T
converting centimeters to inches,I
mig welding made easy,I
ticketmaster,T
osseo school district,I
graham plantation in prince william co va,N
elna steam iron press,T
weatherchanel.com,I
clindamycin 300mg,I
westhill high school syracuse ny,I
xm radio,T
bank america.com,T
costa rica weather,I
jungle fungus clear,T
we are marshall,N
tornado in west terre haute in,I
www yahoo com,N
patriotic buntings,T
daddy long legs movie,N
hahn lyrics,N
bacillus calmette-gu√©rin countries vaccinating,I
bacon quiche recipe,I
thighs pain,I
misanthropes,I
melyssa ford pics in black men magazine,I
urticaria 20pigmentosa,I
local weather for lexington ky,I
beach photos,I
indianapolis animal shelters,I
directions thornton co,I
andy milonakis,I
christy carlson romano,N
avista resort n myrtle beach,I
www.webbantique.com,T
hamilton beach coffeemaker,T
penis cycle,I
birthday 20gifts 20for 20him,T
vince neil movie,N
baby shoe bronzing kit,I
rob thomas rejoin matchbox twenty,N
most passionate romantic movies,T
cherokee nc,I
how did seal get his scars,N
metal protection screen doors,T
cindy crawford lamps,T
teac,T
sugar glider,T
lawn sod,I
pork loin roast,I
american civil war,I
behavior management elderly,I
how to use mystic topaz for healing,T
how does smoking affect the eyes,I
map of pa,N
guerilla radio lyrics,I
cheltenham township baseball,I
pan-turkism,I
review of the movie crash,N
mezzuzah liturgy,N
issaquah wash,N
embroidery custom jeans,T
word of god school pittsburgh,I
bare escentuals faux tan,T
marcheline bertrand,I
florence admax,I
sexy peanut,N
finance.yahoo,I
bloated stomach,I
largest cities of montana,I
film video production schools online,I
hotels tillmans corner al,T
benji madden,N
bookworm,N
grain truck dealers in minnesota,N
holbrook ma,I
katey sagal,N
whitewood swivel bar stools,T
sir winston churchill,I
wrestlemania 22 reviews,T
party girl,N
target ricer potatoe,T
animal house,N
www.mapquest .com,N
batman begins,N
live like you are dying and lyrics,I
n y lottery,T
tulips with multiple flowers,N
forbes 500,I
apartments in salisbury md,I
hotels in virginia beach,T
franklin delano rosevelt pictures,N
colitis,I
phone number,I
airbrush artist for party new york,N
ethereal definition,I
background skull pictures,N
birthday sigs,N
hand painted hydrangeas,T
italian charm ankle bracelet,T
auto detailing for a living,T
heroin addiction and personality disorders,I
st cloud florida houses for rent,T
marion county indiana geneology,N
white pages.com,I
arrowhead elementary school virginia beach,I
picture of jeanne calment,N
does socrates prove that the soul exists,I
high school musical,T
battlefront 2.com,N
care bear ride on,T
male strip clubs in newyork,N
how to play second base,I
nbc,N
solitare,N
vin diesel,N
thomas the engine cake,T
xuxa,I
linkin park my december,I
bass lines for s.o.d.,T
edmunds.com,I
hollywood high schools list fl,I
skippers smokehouse tampa florida,I
super target stores,T
polo sport x-67,T
making whipped cream from coffee creamer,I
andy borowitz,N
all about owls and children,N
where you lead lyrics,N
sexy chick brawls,T
original music from thats so raven,N
map of raleigh,I
ewoks,N
ljuba welitsch photo gallery,N
dragon tales toys,T
the man from uncle,N
eminem,N
kate bush lyrics don't push,N
stepfather 3,N
the bachelor 8,N
charles boycott,I
diana hyland,I
mercer county.wv,I
continental airlines arena seating chart,T
corned beef in crock pot,I
answer me,I
duso storybook 2,T
party rentals and parker colorado,N
desire resort trip advisor,T
one eighty by summer lyrics,I
map of corning ny,N
samsung television,T
nylottery.org,T
yahoofinance.com,I
listen to don't cry for me argentina by madonna spanish miami mix,T
red roof inn wilmington de,I
www. google,N
hotels near universal in orlando florida,T
what is a high resting heart rate,I
some say lyrics,N
x fest pitts pa,T
www.bushdvd.com,N
res ipsa loquitur,I
bank holidays,T
zillow.com,I
regulator - moderator war east texas,N
baltimore harbor cruises,N
radio controlled monster trucks chat rooms,I
steele park resort,I
beating the casino,T
dick feldman,N
taddy beer,I
king size quilts for sale,T
search for actress carol lynley,N
mike hagerty,N
she the one,N
tane mcclure,N
swnm,I
jeffrey dean morgan,N
matt dillon,N
erotomanic,T
what to do for toothache,I
ritalin,I
tropical silk flower arrangements,T
barney oldfield,I
chances of a pregnacy with a scarred fallopian tube and endometriosis,I
meaning of pagoda,I
ace young,N
spring forward,N
vitamin deficiency after gastric bypass,I
list of local holidays texas,I
topical phenergan,I
all about hard bop cool jazz of the 1950 's,I
denise richards,N
teen furniture,T
count mirabeau,T
mexico and spain war,I
champion innerology,T
the newshour,N
elmo beds,I
image of medical pills,I
tom scholz,I
free hotmail,N
how to find addresses,I
three stooges go back in time,N
nude beach,I
www.sisterseduction.com,N
the shroud of turin,I
paint stripper,T
nazareth mtv videos,N
grayson hugh,T
300 peanut uses - george washington carver,I
www.espn.com,I
kennedy assination,I
beech tree,I
beachhead 2002,N
carmine abbatiello,T
goodhousekeeping.com,I
home construction manuals,N
holiday camp,N
conan o'brian biography,I
us postal service,I
earl anthony,I
art carney,N
our chosen child,T
my mlb 2k6 for xbox 360 freezes how do i fix it,N
luminizing makeup,I
www.memorylanescrapbooks.com,N
black comforter,T
king henry ii of england,I
calculus for dummies,T
i hope this terrifies you lyrics,N
kemmer stock mountain cur breeders association,T
beyoncesextapes.com,N
tiffany fallon,N
ga. mtn. fair -hiawassee,N
jordan dobby jacket,T
lodging in two harbors mn.,I
online dictionary,I
seventh heaven,N
www.nbc passions.com,N
vicksburg ms,T
laura dern,N
summer learning programs in fort worth,I
fatal motorcycle accident on i-695,N
bill rancic,N
msn.,N
african fabrics,T
pork ribs,I
roger toussaint and mta trade union,I
quad stroller,T
peter boyle,N
overdrive mtv.com,N
yamaha htr-5890,T
level looped berber carpet,T
puyallup wa,N
trazodone,I
translation dictionary,I
samaire,N
red blood cells shape,N
panther branch nc,I
gastons white river resort,I
winnie the pooh blue bedspread,T
task force saw slide compound 194325,T
coconut palm trees in florida government,I
woman who want sex,T
boardwalk hall in atlantic city,T
funniest video,N
art of scuba diver,N
yahoo converter,I
www.haircuttinglotion.com,T
pmc sierra,I
american dreamz,N
string algea removal tool,N
rumble roses,N
harlan ellison,N
playboymansion,N
emma watson,N
a list of women in history,I
www.bluebook.com,T
liver enzymes,I
blue creek school,I
pressmans home tn,N
fish derek dick,I
smart ones,T
jute flip flops,T
aristotle virtue ethics,I
dana wynter,N
port huron michigan,T
moment of truth justice for annie,N
devils rejects scenes from the movie,N
mtvoverdrive,N
ingleside police station,I
google. com,N
fortamet,I
emerson quiet cool a c,I
thomas kincaid reviews,T
park avenue hotel weehawken nj,T
www.myspace.co,N
kinism,I
rent original cast recording,T
truman capote,N
name lyrics,I
my space login,N
cheesecake factory honolulu,I
margaret rutherford,N
lyrics to walmart parking lot by chris,N
photos of party decorations,N
wwww.mapquest.com,N
usps.com,I
warren county new jersey senators,I
boniva,I
percy kilbride,N
book about the christmas eve cease fire in 1914,T
1996 jane eyre theatrical trailer,N
wynn casino,I
thomas kinkade reviews,T
border psp tubes,I
mens white linen pants,T
reasons for a rapid pulse,T
cynthia ettinger gilmore girls,N
pee wee herman,N
pa vacations,T
cnn.com,I
cha cha slide lyrics,T
picture gallery of hillary duff,N
http www.hotmail.com,N
nocardia,I
biography of fred shuttlesworth,I
commander in chief t.v series,N
ankles swelling,I
hydromorphone,I
esophagoscopy gastroscopy and duodenoscopy,I
umbilical cord thrombosis,I
gold mining companies,I
greek women,T
human body,N
rca dvd recorder,I
propoxyphene.d007.info,I
otto nc,I
horace art of poetry,I
ss der reich,N
free west's black's law dictionary 7th edition,I
david draughn richton mississippi,I
skb golf bag travel hard case,T
buisnesscreditline.com,I
sherlyn yorkies,I
douglass funeral home reading ma,I
hypothyroidism,I
anthony lane,I
amazon.co,T
sharp microwave,T
yahoogames.com,N
new construction houses in brooklyn 11236,T
wwf in you house cold day in hell pictures,N
massages westport ct,I
arnold stang,I
caboodles shimmer powder brush,T
www.vampiretemple.com,N
izod shirts,T
inferiority complex,I
solomon key,T
stevie wonder,N
map of myrtle beach,N
reviews of shark retractor stick vacuum,T
running bras,I
richland washington,I
solvang in san simeon ca.,T
true life cheerleader mtv,N
armotorsports,N
analytic proof,I
meaning of carol,I
how to cook beef chuck steak,I
coconuts pictures,N
you have to believe that life is more than the sum of its parts kiddo,N
biography of mikhail gorbachev,I
winner ford nj,I
hyland's teething tablets,I
hotel tulip in prague,T
motels in brandon fl,T
george h w bush,I
throat cancer,I
blood proton analysis,I
behind bars babes,T
espn boxing,I
biography of pablo picasso,I
zetia,I
canine encyclopedia,I
my yorkie.net,N
westhill high school,I
map and directions,N
www.qvc.com,T
www.flalottery,T
people get ready there a train a coming,I
elkhart indiana,I
redwood national park,N
nazis,N
cerwin vega clsc-15s,T
orlando florida hotels,T
iliac crest anatomy,I
10 day fast for dewey beach,I
guardian deluxe tub grab bar,T
atlas,N
support groups dbt therapy,N
concrete cannon statue,T
kenwood cd changers,I
clothing,I
the substitute sex scenes,N
asics nimbus purple,T
lacoste women,T
cabell county va,N
motorguide trolling motors,T
panic at the disco lyrics,N
tri valley school district sullivan county new york,I
img 0099,N
tell me about swollen lymph nodes,I
messenger diaper bags,T
general lee,I
sandsauto,N
bed bath and beyond,T
area codes chicago,I
cellphone clipart,N
poverty in the united states of america,I
wiggles tickets huntsville,T
steubenville ohio motels,T
favors,N
dungeons and dragons adventures for characters of levels 1-5,T
guam map,I
el morro,I
wu long tea,I
a perfect murder,N
woodcrest wooden gym playset,T
outdoor string lights,T
delicious shoes,T
tabula rasa,I
mtvs made,N
howe creation,I
napoleon bonaparte,I
anal itching,I
e-bay motors,T
love addictions,T
old kissing children,I
days of our lives,N
xavier college prep highschool,I
celtic cross band,I
track attack racing school,I
larry darby,T
lariet necklaces,T
smokey robinson and the miracles,T
slot machine poker - double double,I
medical information,I
www.wunderground.com,I
map of redding,I
eddie bauer,T
does irradiation cause immune deficiency,I
brian dennehy,I
fair trade movement,I
back injuries,I
charlotte north carolina,I
newborn colds,I
area code finder,I
southern lancaster county historical society,N
atlantis deep steam cleaner,T
nbc.com.dond,N
www.full house.com.,N
policosanol,I
black flats shoes,T
head squish,N
sofa bed with pull out couch,T
buy computer game insaniquarium,N
anarchy,I
pimp,I
renegade star ncc 1889 star trek,N
pia zadora,N
manufacturer of honeymoon flip flops,T
tag heuer watch,T
central city colorado real estate,T
thousand oaks california hotels,T
v for vendetta in view a humble,N
ivanhoe hotel newjersey wildwood inside hotel,T
soap opera fan pages,N
pool paint,I
orlando fl.weather,I
gisella perl,I
shop cell phones,T
eric fromm marx's concept of man,T
i know that it's freezing but i think that we have to walk lyrics bright eyes,N
circle of life necklace,T
prescription drugs,I
idol.com,N
mercer caverns,T
heart attack,I
1930's fashion models,N
count basie's life and music,T
cassie me and you video,N
myspacelayouts,N
hammacher large dial scale,T
sims2 open for business bugs,I
brooks and dunn,T
110cc go- carts,T
am new york newspaper,I
so yesterday lyrics,N
list of new jersey businesses,I
wonderlic test,I
yahoo.cin,N
bence jones protein,I
bed and bath beyond,T
bare feet,N
tobacco withdrawal,I
cornwallis halifax 1749 names of settlers,N
dragon lady,I
dirty harry,T
bleeding after c section,I
alice walkers,I
black women slave and their white masters,T
pigeon forge luxury chalets,T
simplicity dry press,T
1801 bone china evergreen,T
esther morris,I
the rice diet,T
tandy daisy wheel printer,I
bed bath & beyond.,T
wire season 3 dvd,N
lowe's,T
should atv drive on streets,I
the cypress a bed and breakfast inn sarasota,T
john deere baby clothes,T
google.com,N
premier travel kensington tripadvisor,T
ww.wunderground.com,I
drummond tom,N
elegant religious vellum invitations,I
www.weather,I
finding a tutor in maine,I
owner's comments on saturn sky,T
megeve france weather,N
paper fans,N
faith development,T
business suits in the 40s for women,I
www.bedbathbeyond.com,T
vanderbilt inn naples,T
lakeside cemetary in hancock michigan,N
angelina jolie,N
don't fence me in,I
glider rocking chair replacement parts,T
www.usps.com,I
highland ny real estate,T
how to clean white carpets,I
tiffany designs dresses,N
piaget shell ladies watch,T
tommy hilfiger denim shirt,T
myspac,N
dennis and randy quaids father,I
king's barbeque in kinson north carolina,I
maggy london,I
ocean blue beach house galveston,T
battle of stono and chandler,N
video now jr.,T
chanel handbag prices,T
rowing machines,T
'don't forget about us' dance anthem,T
ex presidente de honduras sr. manuel bonilla,T
playstation3.com,N
daniel siebert website on salvia,I
search for song thank you,T
w.yahoo.com,N
wayne dalton,T
how smoking affects the taste of food,I
mr.sancho.com,N
how to buy car battery,I
www.mycard.fleet.com,T
calcium carbonate,I
commander in chief,N
702 girl group,N
american legion floresville,T
incontinence with children,I
anthony hamilton change your world concert reviews,T
chris brown shout outs,T
boil,I
biblical timeline from genesis to jesus,I
brighton kelly sandals,T
what are retroperitoneal lymph nodes,I
prom boquet,N
brown and round,T
twinkle collection picture frames,T
eric clapton 24 nights,T
don't fence me in,I
beer refrigerators,T
winmau blade ii,T
diabeteswalk,T
jerusalem weather,I
how to walk in heels,I
songs relating to san francisco,T
julia winter,N
authentic star wars costumes,T
ingenue word meaning,I
car won't start corrosion battery,I
ray thomas health,I
lewis & clark outdoor furniture inc.,T
clothes for the homeless,I
d generation x,I
l.en34.com,I
bank of america check balance,T
kirk cameron,N
beach club hotel ocean city nj,I
cybiko 2006,I
e i dupont,I
joaquin phoenix,T
greatescape cape cod,T
carol channing,N
zymol car polish where to buy,T
search address,N
seven dwarfs,N
angular momentum,I
kennychesney,N
sleepwalkers,N
spark plug firing order,I
www.enesco.com,T
n y s e ever green solar,I
map of somerset pa.,T
counter height table,T
french flower cart,T
http www.amazon.com,T
chaz.com,T
cheerleading in georgia,N
are you afraid of the dark,N
bowling arlington texas,I
evan esar quip,T
fast food news article taco bell,N
a picture is worth a thousand words who said that,I
the student from prague,T
john paul ii,I
joy enriquez links,N
toni brattin,I
brushed nickel tub and shower,T
wwe wreckless intent,I
vagos,N
where to buy a troy built pony tiller,T
a picture of a black boy,N
mariska hargitay,N
oxytocin nasal spray,I
children praying,N
atl,N
we got more bounce in california,N
airline news,N
eminem's mom lyrics,N
www.lil'zane.com,N
marker and pen cube organizers,T
honey butter,I
joy ride lyrics,N
teen dress up games,T
in flames lyrics,N
metrocenter mall in az,I
tonka battery powered fire trucks,T
sophia bush,N
nudists,N
elk county kansas year of 2005,N
steam mop,I
animal clip ons,T
union county georgia,N
the jesus papers,I
weimers sales and rentals,I
the notorious betty page,N
constructive trust,I
lies at the altar,T
glass dvd cabinets,T
muscogee county and surrounding counties,N
www.goodsearch.com,N
wet t-shirt strip off,T
amharic,I
www.bbc.co.uk languages,N
e'bay,T
global vacation homes,T
reed bondi,N
foley insertion,I
list of actors with name stanley,I
battlefield2 ps2,N
alexandra cassavetes,I
wally el beck,I
olympic paint,T
mims fl,I
www.heist.com,N
tonight show jay leno,N
cant buy me love quotes,N
umbilical cord thrombosis,I
florists in reseda ca,I
genomic health news,N
caduet,I
christina vidal,N
boston mass weather,I
maps & direction,N
myspace.c0m,N
giorgio armani,I
sex,I
driving maps,I
backstreet boys lyrics of song,N
toledo memorial park crematory,I
how to identify real pearls from imitation pearls,I
tonight show,N
coty fragrances,I
ricky martin,N
original vintage tee shirts,T
free black blowjob pics -movies,I
marble falls tx,I
bandsaw,T
antonio gaudi,I
concert tickets,T
low phosphorus,I
felicity huffman,N
www.terro.com.,N
side effects of actigall,I
bowflex dumbells,I
bouncers houses,N
cordwood construction,I
what year did the viet nam war start and end,I
www.wellfargo.com,T
hindu music,I
preteen,N
aaliyah,N
attorney general new jersey,I
yall gonna make me act a fool up in here,I
toyota center kennewick,I
air national guard,I
disco ball paint shop pro tube,T
wikiedia the free encyclopedia,I
pueblo bonito sunset beach,T
ww.usps.gov,I
davis hotel bangkok,T
il bisonte new york city,T
novel by tom morrison,T
strictly ballroom,N
abilify,I
eureka south dakota photos,N
apartments in viera fl,T
google artists,N
hubris,I
782 cub cadet for sale,T
pa state colleges and pre-med programs,I
fisher & paykel,T
prescription pill identifier,I
grim reaper the band,T
vermont state fair grounds rutland,I
mental institutions in indiana,I
official website of brandy norwood,N
gastric bypass surgery,I
grand theft autumn lyrics,N
hirsute,N
trash compactors,I
old century gypsy tarot cards,I
hurricane katrina,I
clarisonic skin care brush,T
lichen planus,I
deep fryer,T
definition of java support,I
kitchenaid appliances,T
william shatner wife,I
galena hotels,I
winmx,I
martinsburg pa,I
overdrive,N
animal crackers by george s. kaufman,T
butler high,I
nerve block,I
guyana,I
pearl washington,I
red hot chili peppers,I
death of innocence,T
seatac inn,T
pinkerton academy,I
methadone,I
pkware,I
central baptist church of hixon,N
information about schools in bogota new jersey,I
freepussy.com,N
mtv,N
glass bifold doors,T
verona swing sets,T
lee development corp silver spring md,I
turning point cd,T
names of members in the supreme court,I
sbcglobal.net,N
nj unclaimed money,I
google.com gmm,N
supplement pneumotrophin,T
awsome myspace layouts,N
robinson cano bio,I
mungo jerry cd,T
wenger luggage,T
dog obedience irving,I
man called flintstone,N
kdon market,I
arcade games and maryland,N
metaphysical,I
www.konoctifeilda,N
kissimmee florida homes for sale,T
coeur d'alene resort,T
lee tamahori,N
ford v10 triton,I
life after abuse,N
18th century bedspread,T
pron,I
condiment pump,I
75 chevy chevelle,T
aishwarya rai,N
me n henry,T
stomach ache,I
hells angels 69,T
xxxlolitas,T
johnny bench,I
electric brass table lamp with mica shade,T
adidas supernova control walking shoes,T
teenage hypertension,I
ari myers,N
new jersey banquet halls,N
figleaves,T
divers discover furry blonde crustacean,I
oral herpe,N
massage and fibromyalgia,I
home alone cast,N
mensfacts.com,N
digital lighting kits fluorescent,T
www.outdoorrooms.com.au,T
bassmaster,I
tornado hits marshall va,I
swimming pool filtration,I
dan rowan,I
pictures of animal kingdom lodge at disney world,T
cassidy,N
hycodan,I
chicago white sox myspace layouts,N
small pastry puff eclaires recipe,I
recipe corned beef and cabbage crock pot,I
best western carson city station,I
epinions.com - xxxxer's bottom line,I
homes for sale in ladylake florida,T
i heard it through the grapevine ccr lyrics,N
craigslist,T
alpha woman anger,I
microfiber sofa,T
the meaning of a girls sweet sixteen birthday,I
may company,I
area code 708,I
opinions about the disney smoothie maker,T
best price md forte rejuvenation lotion,T
sony lcd flat panel tv,T
the tide lyrics,N
www.craigslist.com,T
jewel osco huntley illinois,I
ba ba booey,I
photograph measurement,N
photos of channing tatum,N
http brown pride.com,N
www.seacaptainhouse.com,I
mikhail gorbachev,I
movies unlimited.com,T
atlantic city nj zip code,I
david gilmour live,N
where do you find cipher on pokemon colosseum,I
winston georgia,I
stewart scott espn,N
www.bodyzone.com,N
remax klamath falls oregon,N
cosco convertible crib,T
bittorrent,I
queer as folks,T
hampton roads chat,N
bank of america in nj,T
cheat sheets for rampage 2 universal tour,N
columbus oh hotels,T
snow white,N
usc pics,N
current events africa,I
play who wants to be a millionaire online,N
humberto martins,N
a tree grows in brooklyn video,T
pool rubber water slide,T
united states senators,I
oreo cookie ice cream pie,I
daddy yankee pictures,N
lodging at sugarbush,T
heather mccarthy,N
summary of the portrait of a lady,N
movies in wichita falls texas,I
lyrics to i never could have seen this far i never could have seen this coming i feel like my world is falling apart,N
swr-1242d,T
greek city in detroit,I
exertion rise in cpk levels,I
american idol,N
seborrheic dermatitis,I
8 inch mintek portable dvd player,T
hobe sound,I
sault ste marie mi weather,I
love quotez,T
tahitian noni,T
nude teachers,T
susanjablonmosaics.com,T
how to sweet sixteen,N
www .nylottery .org,T
canine toxoplasma,I
telephone book winder georgia,I
buildings in richmond virginia that have roman influenced domes,I
new homes goochland va,T
cheaper by the dozen,N
straight up now tell me lyrics,N
new london new hampshire,N
medical dictionary,I
st. johns bay mens,I
lipoma,I
sunstate title insurance company nevada,N
everything lyrics by lifehouse,I
sony televisions,T
dooney black bucket,T
eischen's okarche oklahoma,T
.google,N
rotten.com,I
glendale az obits,N
willie mays catch,I
saw 3,N
www.eurocopter.com,N
listen to photo by ryan cabrera,T
fatty liver,I
allegheny clarion valley school district foxburg pa,I
san juan cruise ship pier,T
definition annual revenue,I
should friends be notified if another friend is dying,I
nbc tim mcgraw reflected i need you,I
the stone clinic memphis tn,I
jimmy neutron,N
sesame street,N
de stores for outdoor lighting,T
icicle river trout,I
juggernaut games',N
how to make a poodle skirt,N
www.fidelity,T
wellsfargo.com,T
anti stem cell research,I
marshall football team,N
alexa havins and justin bruening married,I
i still miss someone johnny cash,T
paul wall grillz.com,T
anna-nicole smith,I
plaza las americas puerto rico,T
laci petersen,I
world trade center,I
michelle lombardo pictures,N
chris madden store,T
a map of texas,T
propylene glycol,I
signs of lung cancer,I
rhinestone piano pin,T
carlton banks,I
bunny clipart and photos,N
personalized 14kt gold bamboo hoop earrings,T
idt.tuyo,I
psylocke,I
hypermobility in foot joints,I
rat poision,T
old club med san carlos mexico,T
hu fleming,I
ken starr and expense,I
extreme homemaker,N
palliser metropolitan cinema,T
nylottery org,T
ducktales,N
city of ames texas,I
jay harrington,N
dick van dyke,N
fraggle rock videos,T
jobs in saugatuck michigan,N
cadillac 2007 esv reviews,T
degrassi,N
locker bedroom,T
i860 without plan,T
homedics,T
sins of midnight kimberly logan,T
lyrics for because you loved me by celine dion,I
johnstown pa population,I
www.kelley blue book,T
gale storm,N
jeep cheroke,I
friends,N
yahoo.com sign in,N
uh-60 blackhawk penetrator,I
stranger in the woods movie,T
hotels and motels in pittsburg pa,T
cirrhosis,I
www.porn stars.com,N
tesla,I
yukon roll pans,T
rabbit proof fence,N
galion ohio finley foust,N
rotator cuff exercises,I
hypoglycemia,I
i can only imagine lyrics,I
kohler whirlpool tub 66 inch,T
mexican slang,T
ruben tupi hernandez,T
nj regulations for beauty salons,I
florida telephone pages,I
queer as folks,N
max tools,T
sigma 80-400mm,T
nike 90 soccer cleats clearance,T
che guevara,I
great men of the gospel,T
zithromax,I
bold and the beautiful,N
golden mastiff,N
hadag nachash,I
lake city christian academy,I
utica ny hotels,T
willa holland,I
sepsis,I
jimmy carter the panama canal,N
nc farm waterfront,T
birmingham alabama night clubs,I
south jordan utah homes for sale,T
all in the family,N
laurens county south carolina,T
browardcountyflorida,N
7th heaven,N
dinosaurs,N
baseball rug,T
hummingbird drawings,N
carlos santana slinger boots,T
two headed man movies,T
7.2v 3-3 8 inch cordless circular saw,T
heroin effect on the intestines,I
united states postal service,I
download music to my mp3 player,T
water pilates equipment,T
kikaida 01 figure,T
nancydrew walkthrough haunted carousel,N
fla everglades,I
hair extensions for guys,T
insect bites,I
truck grille replacement,T
catcher in the rye john hinkley and mark chapman,N
hotels in elkhart ind.,T
recipe for vodka sauce,I
london apartment rentals trip advisor,T
landon barker,N
red dawn,N
fish daddy,I
laborers in the 1920s,I
day of reckoning 2 codes,N
free--beastality--stories.biz,N
migenweb project,N
allen sviridoff,N
large beautiful lamps,T
residential pages - houston tx,I
clothing,I
omen iv the awakening,N
hypercalcemia,I
bile duct,I
jodi benson,I
foot drop,I
camouflage pants,T
www.myspace.comck,N
signs of infection,I
quotes from jesus,N
bloomingdales watches,T
maquest,N
the devil inside by ali vali,T
the bourne ultimatum,N
gender politics in king lear,T
cheat codes tropico 2,N
map u.s.,I
how do you inservices nurses on lead poisoning,I
bonnet creek,T
townhomes plymouth pa,T
trio eye shadow,T
svetlana boginskaya,I
penetration of cell phones,I
palm sunday,I
spain,I
rapper juvenile biography,N
movie casting directors,N
warioware. inc mega microgames,T
side effects meloxicam,I
ladies red orange skechers sneakers,T
pink cultured pearls,T
xavier cugat,N
oral lesions,I
panasonic kxtg2622w,I
www.sbcyahoospecial.com,T
bloomingdales,T
irregular pulse,I
movie presumed innocent,N
hotel helvetia bristol,T
the great society program,I
florida.lottery,T
highshoolmusical,N
bridal registry,T
trinity evangelical congregational church,N
md,I
latitude,I
daughter of venice and napoli and cliff notes,T
power106,N
bobby czyz,I
eddie andelman,N
chevroletcamaro,T
red october,N
cost of best buy service plan for xbox 360,I
english spanish translation,I
baking powder biscuits recipe,I
open mri for breast,I
t shirts with 3 4 sleeves,T
female accessory ducts,I
cheats for star wars knights of the old republic,N
studio city weather report,I
cheryl tiegs,N
jesse mccartney interviews,N
neville chambers streets of new york,N
spongebobsquarepants,N
queen pillowtop mattress,T
brother disney sewing machine,T
prayers,T
penis,I
imdb.,N
http sing365.com,N
alex lifeson,I
conjunctivitis,I
hopewell news,N
univision com,I
barbara babe paley,I
power rangers,N
craigs list sf,T
denimndaisies,T
bronx river road,I
bleak house,N
harbour lights resort,T
penis,I
calle 13,T
white castle burgers in hollywood,I
you oughta know lyrics,I
symptoms of heat stroke,I
aria giovanni - wikipedia the free encyclopedia,I
motorola razor usb cable,T
oklahoma freedmen,T
swivel patio chairs,T
used tent trailers california,I
the da vinci code movie,N
hot waitresses on dvd,T
definitions,I
goosebumps,I
rate tanning beds,T
tattoo of sharks,N
homes for sale in 90002,I
broccoli cheese recipes,I
vascular system,I
italian baby boy names,I
mapquest.m,N
ice age 2 the movie,N
north attleboro massachusetts,I
ford straight 6,I
frances langford,N
pet carriages,T
listen to one love by hootie and the blowfish,T
burley id weather,I
norwalk ct,I
email tyler perry,N
tommy bahama bedding,T
statistics on smoking graphs,I
wiccan death prayer,N
unwritten lyrics,N
green eyes hair color,I
friday the 13th tv,N
showdown caws,T
la seine france,I
phonebook,N
linen jackets & black & white,T
www ny lottery org,T
roll top desk,T
betty crocker chocolate malt cake mix,I
ocean beach estates ocean springs ms,I
www;yahoo.com,N
world weather,I
young & the restless selleck,N
roma furniture,I
lowes hardware store,T
sex addicts symptoms,I
tania bella,T
eagle eyed cherry lyrics save tonight,I
the plaza nyc,I
evening gowns for girls,N
reba march 16 1991,I
how to get into west point,T
tybee 20island 20ga,I
franklin north carolina,I
spring break on cruise ships,I
patio dining tables and chairs,T
is it more common for people to make decisions regarding religion on the basis of reason or by faith,I
will and grace,N
prometrium,I
mantle,I
www.souzasamericanbulldogs.com,N
eau claire wisc. history,N
blythe ca weather,I
lymphedema statistics,I
hello kitty bobby pin,T
paula dupre pesman,N
mini teapots,T
brokeback mountain guide,I
swim with fingers slightly spread,I
lyrics to for you i will by monica,I
demi-bra,T
http www.google.com executivesummary,N
plan measure,T
saugus white pages,I
vi q tuss,I
adventura spa photos,T
clear jelly shoes size 9,T
the harvey girls,T
wu tang member kinetic,T
bed bath&beyond,T
wholesale jawbreakers,T
cd you gotta be,T
space,N
united states flag,I
funeral homes norfolk va,N
santa monica ca,I
forgotten realms maps,I
anderson cooper,N
milligrams for dilaudid,I
family guy show times,I
imette st. guillen,I
driving map andalucia spain,T
lotto florida,T
me and you by cassie,N
lagrange ga pool,T
parts of a slave ship,I
exodus in the bible,T
manicure,I
sikh,I
universal studio california,I
lyrics,N
star spangled banner,I
wedding announcements,N
ron saul - washington redskins,T
zena fulsom,N
john osteen,I
betty boop,I
tourism brazil,N
pass the excet,T
rolex datejust,N
find p.o. box address,I
w.myspace.com,N
nickjr,N
clep,T
four firm ratio,I
how to clean your colon,I
concise history of swing jazz,I
body shaper swim wear,N
levi 505 jeans,I
isaac mizrahi handbags,T
sexy girls,N
larry painter,N
long line bra,T
www.wachovia,T
hints for dragonball z buu's fury,N
infected cat bites,I
overtime employment pay,I
skb golf deluxe ata golf travel case,T
recipe top roundsteak,N
kd 2222,T
johnnycisthewaytobe,N
things to do in new zealand,T
lake wales fl maps,N
www.bankofamerica com,T
yahoo mail;,N
tent rentals in new jersey,N
free standing tub,T
kenmore free standing dish washer,T
extra long twin bed sheets for dorm beds,T
pill with w-o 650,I
yankee souvenirs,T
us map,I
kiss me kate,N
shareholder,I
olean times herald,N
zyprexa,I
www.nick..com,N
battle of bull run wikipedia,I
career books,T
darren james,I
marble sealer,I
jaws 2,N
kellybluebook,T
forearm anatomy,I
low diastolic blood pressure,I
what is the habitat of the saber-toothed cat,T
1 64 mack granite dump,T
the song mother,T
winged back chairs,N
deal or no deal,I
bankofamerica.cm,T
power rangers drive force,N
staining deck,I
kumars at no.42,N
cheats for final fantasy10,N
muscle cramping,I
le creuset 1 quart multi purpose pan,T
lg white french door refrigerator,T
www.showmeit,N
ingersol rand 3 8 inch screw gun,T
books with book on tape,T
kiawah island hotels,T
brian anytime lyrics,I
newtown ct map,I
local anesthetics,I
quotes from the notebook,N
crested black ducklings,T
banda laberinto,T
john deere,I
truly madly deeply lyrics,I
vicky pratt 2006 pictures,N
couples having sex,N
maugham,T
arctic fox,N
lindsay lohan,N
www.homes.com,T
high ige,I
female strippers in fresno california,N
abslide,I
top 100 r&b hip hop albums of all time,T
can you buy ink spots records,T
communism in nazi germany,I
55 inch lcd tv,T
anti-semitism,I
family tree free,N
vintage baby cribs,T
mary kay letourneau married,I
coldwell banker realty unionville va,N
pictures beaches virginia,T
sony dvp-ns9100es,I
gary cherone,I
happyslap,N
superman returns,N
flip words game,N
www.jondouglasrainey.com,N
music from grays anatomy,N
basic math review,N
suite life zack cody,N
kds k717s monitors,T
mapquest.m,N
jeffrey dean morgan,N
fear factor,N
my baby's nest,T
1992 acura integra gs hp,I
nazareth mtv videos,N
recipe for spinach salad with mandarin oranges,I
www.fairly odd parents.com,N
espn.go,I
wendy wasserstein,I
pizza places in goleta ca,I
marijuana father dna damage,I
make red wine,I
madden 06 cheats xbox,N
salvador dali self portraits,N
sand dollar hotel ocean shores,I
donald bruce susan adopted ny 1920's,N
tiketmaster,T
fantesy,T
godfather game cheats on how to get all execution styles,N
yuji horii,I
speedo seaweed sandal,T
anus,I
past lotto numbers for nyc,T
gatlinburg tn,T
thoracic spine disorders and facet joint dysfunction,I
paint sprayers how to use,I
love and memories lyrics,N
recipe goldmine.com,T
playboy profiles,I
donna's digs,T
lena kansbod,I
address search,I
christian dior sunglasses,T
pure vision multi-focal,T
molly parker,N
lego batman games,T
world record for mile,I
rene johnny dread,T
www.yahoo..com,N
1999 pontiac trans am facts,I
gastric ulcer,I
carnation instant breakfast plus,T
mtvoverdrive.com,N
concord nh weather report,I
ngo dinh minh,I
wireless notebook cards windows 98se,T
bayreuth,I
club quarters hotel san francisco,T
lantern fish,I
health issues,I
barbaro,I
tampa fl used auto parts,I
party supplies,N
south park lyrics,N
buttercream frosting,I
evita the musical,I
george foreman grill,T
red spice racks,T
nbc.com,I
goggle,N
little dicks bay,I
altoona high school eau claire wi,I
ayn rand anthem,T
family guy,N
david anthony head,N
www.yahoo com,N
common name for pseudomonas aeruginosa,I
eriq ebouaney,N
country hits of 1990,I
1960's superman and batman cartoons,I
how to break your addiction to a person halpern,T
kadu moliterno,N
college girls gone bad,T
hot97,N
airplanes in the vietnam war,N
william shockley film los angeles,I
super 8 hotel saukville wi,T
toni morrison,I
hot mail,N
8 mile,I
infections from puncture wounds of the hand,I
tea sandwich,I
avenger tv movie,N
political views of child abuse,T
